genome,score
EHA05391_bin.138.fa.gz,51.97413004688735
nhnw_bin.16.fa.gz,93.11996120206476
EHA05415_bin.272.fa.gz,86.35927949492927
EHA05415_bin.214.fa.gz,85.06441174653666
nhnw_bin.591.fa.gz,53.96793676410391
EHA05415_bin.301.fa.gz,98.22349607869769
EHA05415_bin.346.fa.gz,83.4298686537732
nhnw_bin.512.fa.gz,92.65226735970295
EHA05391_bin.397.fa.gz,95.28451239415885
nhnw_bin.590.fa.gz,97.77650027264673
EHA05391_bin.29.fa.gz,74.36064009819708
nhnw_bin.186.fa.gz,63.51410071861374
EHA05391_bin.316.fa.gz,83.56907200604097
nhnw_bin.376.fa.gz,97.46372706692678
nhnw_bin.140.fa.gz,79.60744893299552
EHA05391_bin.367.fa.gz,84.83879185214414
nhnw_bin.542.fa.gz,90.12110436374013
EHA05415_bin.216.fa.gz,68.11971931963369
EHA05391_bin.434.fa.gz,94.0466037902034
EHA05415_bin.54.fa.gz,85.13159384612948
EHA05391_bin.160.fa.gz,37.02680491538485
nhnw_bin.420.fa.gz,84.9481336856707
EHA05391_bin.331.fa.gz,98.65024146592562
EHA05391_bin.515.fa.gz,62.898026577579614
EHA05415_bin.146.fa.gz,77.27222780691282
EHA05391_bin.50.fa.gz,89.43944771250334
nhnw_bin.12.fa.gz,93.32789932848691
nhnw_bin.239.fa.gz,65.47145667832143
EHA05415_bin.426.fa.gz,69.99355816761526
EHA05415_bin.310.fa.gz,91.53897448176176
nhnw_bin.136.fa.gz,86.41984240389428
EHA05391_bin.446.fa.gz,83.38754531131791
nhnw_bin.50.fa.gz,74.63513390046683
EHA05415_bin.70.fa.gz,66.75066316121072
nhnw_bin.534.fa.gz,79.54621607481508
EHA05415_bin.282.fa.gz,68.18395051282384
nhnw_bin.231.fa.gz,88.9118126074863
EHA05391_bin.267.fa.gz,74.02880878666983
nhnw_bin.63.fa.gz,71.81759025625188
EHA05415_bin.170.fa.gz,34.83208985936033
EHA05391_bin.265.fa.gz,70.34717390364004
nhnw_bin.581.fa.gz,71.09339157162906
EHA05415_bin.171.fa.gz,89.60688814191852
EHA05391_bin.218.fa.gz,73.12312491038955
nhnw_bin.419.fa.gz,100.728001161627
nhnw_bin.585.fa.gz,67.56639784914465
EHA05391_bin.480.fa.gz,62.89991175022863
nhnw_bin.482.fa.gz,59.95148158408363
nhnw_bin.444.fa.gz,98.96188363071265
EHA05415_bin.1.fa.gz,101.20386820085514
nhnw_bin.448.fa.gz,80.63156856574149
EHA05415_bin.17.fa.gz,89.56334623318575
nhnw_bin.269.fa.gz,100.80510444629176
EHA05391_bin.566.fa.gz,68.2188584004325
EHA05391_bin.111.fa.gz,50.167171578559724
nhnw_bin.176.fa.gz,100.69551493223904
nhnw_bin.528.fa.gz,65.54344681208386
EHA05391_bin.370.fa.gz,85.5084283863686
nhnw_bin.29.fa.gz,86.94994916216501
nhnw_bin.333.fa.gz,78.62628991755284
nhnw_bin.519.fa.gz,66.45076434627285
EHA05391_bin.644.fa.gz,55.632843983855935
EHA05391_bin.37.fa.gz,66.1384676062285
nhnw_bin.320.fa.gz,94.19540762769628
EHA05391_bin.468.fa.gz,95.02612578595162
nhnw_bin.35.fa.gz,75.68024434991834
nhnw_bin.90.fa.gz,99.42585537897521
EHA05415_bin.377.fa.gz,97.6986335361057
EHA05415_bin.275.fa.gz,91.98045924976988
EHA05415_bin.173.fa.gz,73.32116919271994
EHA05415_bin.182.fa.gz,79.84907817684329
nhnw_bin.114.fa.gz,90.15990087581223
nhnw_bin.303.fa.gz,92.37213813461203
EHA05415_bin.132.fa.gz,94.65975693687741
EHA05391_bin.466.fa.gz,74.32821338623513
nhnw_bin.580.fa.gz,58.56129513047009
EHA05391_bin.412.fa.gz,70.42866697565746
nhnw_bin.27.fa.gz,63.22151153396185
EHA05391_bin.506.fa.gz,92.27268775135703
EHA05391_bin.527.fa.gz,89.00442385418646
EHA05415_bin.40.fa.gz,69.24535543907345
nhnw_bin.241.fa.gz,83.47064048642898
nhnw_bin.131.fa.gz,81.42880796180917
nhnw_bin.530.fa.gz,74.21019371796058
EHA05391_bin.482.fa.gz,57.05666085581539
EHA05415_bin.245.fa.gz,89.94152149965286
EHA05415_bin.434.fa.gz,80.1768684011384
EHA05391_bin.82.fa.gz,83.89429542257517
nhnw_bin.569.fa.gz,83.49132625486418
nhnw_bin.284.fa.gz,76.73822309682338
EHA05391_bin.92.fa.gz,79.9814243014173
nhnw_bin.576.fa.gz,72.87363092484627
nhnw_bin.237.fa.gz,70.37881564707628
nhnw_bin.36.fa.gz,81.56527109471914
EHA05391_bin.93.fa.gz,78.2890989335549
nhnw_bin.198.fa.gz,77.74515653470117
EHA05391_bin.94.fa.gz,97.10523602676281
nhnw_bin.371.fa.gz,76.07750672513612
nhnw_bin.205.fa.gz,46.497263357193575
EHA05391_bin.230.fa.gz,73.97460646673245
EHA05415_bin.317.fa.gz,92.7494074237207
nhnw_bin.467.fa.gz,98.88766761842541
EHA05391_bin.352.fa.gz,61.07212783924008
nhnw_bin.393.fa.gz,95.48946733648008
EHA05391_bin.16.fa.gz,95.94722447034927
nhnw_bin.125.fa.gz,101.03434978634338
EHA05391_bin.359.fa.gz,98.50688225518128
nhnw_bin.326.fa.gz,90.02204092412605
nhnw_bin.317.fa.gz,82.0829958544672
EHA05415_bin.217.fa.gz,86.24473042081323
nhnw_bin.496.fa.gz,62.759785989687856
EHA05391_bin.19.fa.gz,77.27832867241109
nhnw_bin.255.fa.gz,66.23999700006087
nhnw_bin.236.fa.gz,70.8816465957991
EHA05391_bin.90.fa.gz,94.6901594118732
EHA05391_bin.369.fa.gz,75.47310327692138
nhnw_bin.158.fa.gz,87.19281020630778
EHA05415_bin.368.fa.gz,62.574755102045124
EHA05391_bin.129.fa.gz,38.141482103259
nhnw_bin.111.fa.gz,92.46487877304548
nhnw_bin.383.fa.gz,85.6541166684609
nhnw_bin.384.fa.gz,79.42088595375701
nhnw_bin.263.fa.gz,94.45481743415776
EHA05415_bin.357.fa.gz,98.0909902157267
nhnw_bin.461.fa.gz,74.98242224682772
nhnw_bin.172.fa.gz,56.176129040045645
nhnw_bin.513.fa.gz,34.96578793851696
EHA05415_bin.49.fa.gz,55.57334720151784
nhnw_bin.290.fa.gz,61.48679566737924
nhnw_bin.44.fa.gz,52.33716696679173
nhnw_bin.77.fa.gz,51.90246270394653
nhnw_bin.40.fa.gz,68.77405269920284
EHA05391_bin.320.fa.gz,93.22252243727569
EHA05415_bin.358.fa.gz,98.03959354865412
EHA05415_bin.31.fa.gz,98.62566325693088
EHA05415_bin.56.fa.gz,90.1708977156476
nhnw_bin.484.fa.gz,65.54632945758577
nhnw_bin.425.fa.gz,67.84582694358843
nhnw_bin.442.fa.gz,63.83537425169049
nhnw_bin.242.fa.gz,49.344777795492995
EHA05391_bin.560.fa.gz,84.5736007628611
EHA05415_bin.354.fa.gz,99.56117348711135
nhnw_bin.400.fa.gz,59.22264071690581
EHA05391_bin.105.fa.gz,94.57230480330396
EHA05391_bin.532.fa.gz,86.31789276699814
nhnw_bin.264.fa.gz,77.29919482438521
EHA05391_bin.384.fa.gz,63.71896484727598
EHA05415_bin.201.fa.gz,76.60361651875093
EHA05391_bin.366.fa.gz,72.82670113963124
nhnw_bin.38.fa.gz,100.81436041494663
nhnw_bin.491.fa.gz,84.09690861198372
nhnw_bin.159.fa.gz,100.43687335469716
nhnw_bin.58.fa.gz,94.86185046269482
EHA05391_bin.76.fa.gz,71.98221466349898
nhnw_bin.184.fa.gz,57.43700834056022
EHA05391_bin.627.fa.gz,94.34395027007132
nhnw_bin.476.fa.gz,82.41747488030772
nhnw_bin.61.fa.gz,99.84901462646665
nhnw_bin.234.fa.gz,89.75220217612171
nhnw_bin.348.fa.gz,36.46023445560874
nhnw_bin.257.fa.gz,81.81874415035266
nhnw_bin.493.fa.gz,80.47644906543933
EHA05391_bin.260.fa.gz,93.69898998509339
nhnw_bin.416.fa.gz,92.79534691634329
EHA05391_bin.15.fa.gz,70.6791480392458
EHA05415_bin.107.fa.gz,79.55668716140138
EHA05391_bin.301.fa.gz,97.27546810212196
EHA05391_bin.347.fa.gz,87.01508970785424
EHA05391_bin.368.fa.gz,93.44463568069213
nhnw_bin.190.fa.gz,59.87908663108513
EHA05391_bin.262.fa.gz,80.04626820929651
nhnw_bin.251.fa.gz,69.300425991044
nhnw_bin.219.fa.gz,84.314391609055
EHA05415_bin.198.fa.gz,79.83864616878371
nhnw_bin.518.fa.gz,88.41754574916219
nhnw_bin.434.fa.gz,78.66982621268303
EHA05391_bin.688.fa.gz,51.19112410767752
nhnw_bin.456.fa.gz,39.52204167129248
EHA05391_bin.530.fa.gz,90.0490876718428
nhnw_bin.294.fa.gz,97.58677557443013
EHA05415_bin.21.fa.gz,58.43065564757999
nhnw_bin.429.fa.gz,66.3427361016532
EHA05391_bin.542.fa.gz,72.20452316842659
EHA05415_bin.420.fa.gz,82.78562917906653
nhnw_bin.533.fa.gz,75.77406619996044
nhnw_bin.155.fa.gz,86.87826965518849
EHA05391_bin.33.fa.gz,76.45794800633445
nhnw_bin.79.fa.gz,86.4939641844176
EHA05391_bin.562.fa.gz,66.42968108175582
EHA05391_bin.361.fa.gz,97.9653785091763
EHA05391_bin.156.fa.gz,68.05972673954741
nhnw_bin.390.fa.gz,89.46695288510875
nhnw_bin.180.fa.gz,88.71226371834979
nhnw_bin.588.fa.gz,80.56262301754032
nhnw_bin.468.fa.gz,80.31261489149026
EHA05415_bin.81.fa.gz,82.30377915100232
nhnw_bin.600.fa.gz,97.1330438532305
EHA05391_bin.51.fa.gz,88.4443359470433
nhnw_bin.357.fa.gz,76.62906057516875
EHA05391_bin.329.fa.gz,69.12899519355965
nhnw_bin.337.fa.gz,94.7326805153812
nhnw_bin.498.fa.gz,96.02766561460362
EHA05391_bin.398.fa.gz,86.32894610086922
EHA05415_bin.403.fa.gz,71.3541642654206
nhnw_bin.599.fa.gz,35.878188571998805
nhnw_bin.386.fa.gz,72.14726809318621
nhnw_bin.446.fa.gz,76.5494878361366
nhnw_bin.146.fa.gz,74.35116692961863
EHA05391_bin.358.fa.gz,95.98168113901056
nhnw_bin.15.fa.gz,73.79352502097363
EHA05391_bin.418.fa.gz,60.951316961266905
EHA05391_bin.360.fa.gz,67.75936602843665
nhnw_bin.124.fa.gz,85.51227391698185
nhnw_bin.401.fa.gz,74.93607515267048
nhnw_bin.224.fa.gz,92.25625088160737
EHA05391_bin.59.fa.gz,93.88562917906654
nhnw_bin.230.fa.gz,81.29194082388152
EHA05391_bin.377.fa.gz,96.35684052409863
nhnw_bin.226.fa.gz,88.57659946456445
nhnw_bin.343.fa.gz,67.12228737764741
nhnw_bin.511.fa.gz,88.97601173368534
EHA05391_bin.655.fa.gz,64.72730259946678
nhnw_bin.203.fa.gz,79.06391542497173
nhnw_bin.238.fa.gz,61.85627067190232
nhnw_bin.559.fa.gz,84.05591262452042
EHA05415_bin.300.fa.gz,87.64481051612897
nhnw_bin.478.fa.gz,83.61961770109936
nhnw_bin.507.fa.gz,85.18120247042805
EHA05391_bin.12.fa.gz,89.86239219225199
nhnw_bin.573.fa.gz,96.22107186035564
EHA05391_bin.204.fa.gz,98.39260101433116
nhnw_bin.137.fa.gz,92.47300294625406
nhnw_bin.305.fa.gz,85.67156414656256
nhnw_bin.8.fa.gz,82.96885150486318
EHA05391_bin.107.fa.gz,74.64184336586825
nhnw_bin.330.fa.gz,99.85384675119433
EHA05391_bin.531.fa.gz,78.57553230351326
nhnw_bin.132.fa.gz,83.40209712590793
EHA05391_bin.242.fa.gz,94.62556525904787
EHA05415_bin.340.fa.gz,101.20938000910657
nhnw_bin.568.fa.gz,72.38543046732512
EHA05391_bin.241.fa.gz,97.34988883639362
EHA05415_bin.269.fa.gz,99.67690338780758
EHA05415_bin.339.fa.gz,93.5639772154654
EHA05391_bin.497.fa.gz,82.901430414
EHA05415_bin.338.fa.gz,91.52976508245504
EHA05415_bin.218.fa.gz,94.19951008679251
nhnw_bin.414.fa.gz,85.98842739925104
EHA05415_bin.219.fa.gz,92.27668111991655
EHA05391_bin.496.fa.gz,49.55742101112524
EHA05391_bin.410.fa.gz,91.46184087363716
EHA05415_bin.181.fa.gz,89.91311265097484
nhnw_bin.104.fa.gz,58.267075298593035
EHA05415_bin.68.fa.gz,90.48126209095282
EHA05415_bin.306.fa.gz,92.19632479723943
EHA05415_bin.235.fa.gz,79.94742848231861
nhnw_bin.406.fa.gz,89.983733094203
nhnw_bin.282.fa.gz,77.01812293848654
nhnw_bin.523.fa.gz,75.73266660329725
nhnw_bin.161.fa.gz,80.19170901876103
nhnw_bin.65.fa.gz,88.92423370715413
nhnw_bin.597.fa.gz,79.79525230332274
nhnw_bin.222.fa.gz,83.84861166568126
EHA05415_bin.384.fa.gz,86.61308348218864
nhnw_bin.329.fa.gz,78.79635592027354
nhnw_bin.182.fa.gz,69.84608817223948
nhnw_bin.323.fa.gz,68.02454993587885
nhnw_bin.266.fa.gz,77.06220944656316
EHA05415_bin.50.fa.gz,34.47360731865745
EHA05391_bin.579.fa.gz,95.39693010067134
nhnw_bin.557.fa.gz,92.0958635396711
EHA05391_bin.81.fa.gz,82.07302443320087
nhnw_bin.436.fa.gz,70.17925084443362
EHA05415_bin.347.fa.gz,99.31397573541632
nhnw_bin.392.fa.gz,91.59002139439501
nhnw_bin.458.fa.gz,91.13356644958428
EHA05391_bin.261.fa.gz,81.81250361875476
nhnw_bin.107.fa.gz,97.47647012739696
EHA05391_bin.596.fa.gz,55.16690742694471
nhnw_bin.311.fa.gz,90.39039498884941
EHA05391_bin.597.fa.gz,52.665198088241745
nhnw_bin.307.fa.gz,69.59638221052538
nhnw_bin.391.fa.gz,78.83936561531767
EHA05415_bin.344.fa.gz,70.22029713091992
EHA05391_bin.132.fa.gz,90.9031312590018
EHA05391_bin.459.fa.gz,89.74504674609132
EHA05415_bin.6.fa.gz,95.46102640043442
nhnw_bin.78.fa.gz,91.31539701629173
EHA05391_bin.141.fa.gz,90.14191924978329
nhnw_bin.514.fa.gz,78.88592677954493
EHA05415_bin.411.fa.gz,70.19313777388678
EHA05391_bin.143.fa.gz,97.86016900328549
nhnw_bin.6.fa.gz,33.07281041250175
EHA05391_bin.647.fa.gz,80.45760548835207
EHA05391_bin.126.fa.gz,97.6697084958043
nhnw_bin.187.fa.gz,70.20835702134866
nhnw_bin.587.fa.gz,77.92130850037314
EHA05391_bin.127.fa.gz,94.54193273759275
nhnw_bin.423.fa.gz,99.23120936981026
EHA05415_bin.337.fa.gz,100.87237721015993
EHA05391_bin.516.fa.gz,87.86284313922624
EHA05391_bin.9.fa.gz,62.47349253428
EHA05391_bin.21.fa.gz,85.50237268334811
EHA05391_bin.523.fa.gz,83.5995541310297
EHA05391_bin.575.fa.gz,93.23367977309154
nhnw_bin.46.fa.gz,65.37662610571522
EHA05391_bin.680.fa.gz,48.17181793418094
nhnw_bin.403.fa.gz,98.68298076787231
EHA05391_bin.427.fa.gz,81.70945834300744
EHA05415_bin.122.fa.gz,97.56275862572234
EHA05391_bin.438.fa.gz,98.6707439322903
EHA05391_bin.593.fa.gz,54.60916297270146
nhnw_bin.144.fa.gz,91.36154268317385
nhnw_bin.156.fa.gz,99.93652696242135
nhnw_bin.566.fa.gz,92.92709671459708
EHA05415_bin.213.fa.gz,96.96497498648826
EHA05415_bin.276.fa.gz,90.50305605508454
EHA05391_bin.115.fa.gz,70.10292761932936
EHA05391_bin.140.fa.gz,81.99378128012819
EHA05391_bin.642.fa.gz,52.78215807087371
EHA05391_bin.14.fa.gz,88.5110551801806
EHA05391_bin.36.fa.gz,51.88627584155722
EHA05391_bin.447.fa.gz,98.42229935066443
EHA05415_bin.78.fa.gz,83.95518557678758
EHA05415_bin.400.fa.gz,65.70033050363547
nhnw_bin.464.fa.gz,89.13114149623017
nhnw_bin.71.fa.gz,97.95925905152271
EHA05391_bin.30.fa.gz,100.49993701816732
EHA05415_bin.35.fa.gz,93.88589200852641
EHA05391_bin.60.fa.gz,74.80606085500868
EHA05415_bin.225.fa.gz,92.95811053983309
EHA05391_bin.499.fa.gz,94.22614203164092
nhnw_bin.57.fa.gz,91.46376923384682
EHA05391_bin.122.fa.gz,96.39614220104019
EHA05391_bin.209.fa.gz,77.67435436780046
EHA05415_bin.33.fa.gz,71.49695248472409
EHA05391_bin.454.fa.gz,65.31464520136066
EHA05415_bin.121.fa.gz,75.3583370261934
EHA05391_bin.387.fa.gz,91.91851812931381
EHA05415_bin.32.fa.gz,85.85138753895052
EHA05391_bin.113.fa.gz,76.72259175402638
nhnw_bin.529.fa.gz,89.35651593674042
EHA05391_bin.608.fa.gz,97.88829409186492
nhnw_bin.292.fa.gz,91.55498460474999
EHA05391_bin.386.fa.gz,99.26512978870029
EHA05391_bin.388.fa.gz,96.24618468838192
EHA05415_bin.432.fa.gz,92.88408974695916
EHA05415_bin.120.fa.gz,78.64969406799793
nhnw_bin.473.fa.gz,72.41950725909255
EHA05415_bin.102.fa.gz,76.53838021127889
nhnw_bin.349.fa.gz,85.39410701658991
EHA05391_bin.152.fa.gz,98.39833513827706
nhnw_bin.181.fa.gz,90.01676266226109
EHA05391_bin.407.fa.gz,89.68036972820046
nhnw_bin.562.fa.gz,74.02291174915273
nhnw_bin.358.fa.gz,91.34191552756383
EHA05415_bin.448.fa.gz,87.92399990133418
nhnw_bin.273.fa.gz,94.58450461991167
EHA05415_bin.333.fa.gz,90.7184970383351
nhnw_bin.603.fa.gz,69.94146077277229
nhnw_bin.378.fa.gz,72.31672056648884
nhnw_bin.411.fa.gz,89.61478316991838
nhnw_bin.472.fa.gz,94.73228892578629
EHA05391_bin.491.fa.gz,93.34621613287018
nhnw_bin.274.fa.gz,66.76930226373756
EHA05415_bin.63.fa.gz,98.96347797571772
nhnw_bin.39.fa.gz,86.24300559550942
EHA05391_bin.395.fa.gz,81.80283739049695
nhnw_bin.267.fa.gz,97.38072329639797
nhnw_bin.517.fa.gz,75.53784335434969
EHA05391_bin.219.fa.gz,98.90970805752312
nhnw_bin.169.fa.gz,65.11597863459714
EHA05391_bin.559.fa.gz,85.3078872489957
EHA05415_bin.13.fa.gz,90.3849802657353
nhnw_bin.96.fa.gz,89.99029760374466
nhnw_bin.110.fa.gz,65.5059904650047
nhnw_bin.115.fa.gz,41.623657342832395
EHA05415_bin.363.fa.gz,70.50747639011776
nhnw_bin.53.fa.gz,69.55227869713627
nhnw_bin.183.fa.gz,60.47886263420031
nhnw_bin.85.fa.gz,60.17848239849487
EHA05391_bin.564.fa.gz,65.83376751403442
EHA05415_bin.390.fa.gz,79.13825247577664
nhnw_bin.584.fa.gz,75.92978417749481
EHA05391_bin.318.fa.gz,94.95891115205767
nhnw_bin.369.fa.gz,78.41136935467556
EHA05415_bin.45.fa.gz,95.38921206285367
nhnw_bin.246.fa.gz,89.91798198111155
EHA05391_bin.399.fa.gz,68.44478130279632
EHA05415_bin.119.fa.gz,90.13633554331388
nhnw_bin.194.fa.gz,90.67645768727692
EHA05391_bin.479.fa.gz,41.31072550452728
EHA05391_bin.502.fa.gz,84.92903271758396
EHA05391_bin.346.fa.gz,68.62086917000936
EHA05415_bin.303.fa.gz,82.5175211706656
nhnw_bin.47.fa.gz,89.12453400588116
EHA05415_bin.212.fa.gz,53.34988387010088
EHA05415_bin.263.fa.gz,47.58822439343917
EHA05391_bin.154.fa.gz,93.98405278671211
EHA05415_bin.456.fa.gz,80.7847327935457
EHA05415_bin.157.fa.gz,71.20239901909542
nhnw_bin.483.fa.gz,78.02475750727132
EHA05391_bin.123.fa.gz,70.11200431887022
EHA05415_bin.394.fa.gz,59.48938886865273
EHA05391_bin.259.fa.gz,71.7686241589578
nhnw_bin.99.fa.gz,56.08613168284062
EHA05391_bin.520.fa.gz,63.45965578757667
EHA05391_bin.507.fa.gz,84.75296331280647
EHA05415_bin.334.fa.gz,95.21148425965575
EHA05391_bin.406.fa.gz,90.77286282150062
nhnw_bin.565.fa.gz,89.41837879631233
EHA05391_bin.505.fa.gz,98.55355754129457
EHA05415_bin.443.fa.gz,94.03089567374712
EHA05415_bin.85.fa.gz,69.33297884954621
nhnw_bin.490.fa.gz,86.19163515517286
EHA05391_bin.685.fa.gz,85.13790386381777
nhnw_bin.589.fa.gz,87.84332286012047
EHA05391_bin.646.fa.gz,68.49682373610462
EHA05391_bin.508.fa.gz,95.16030265291948
nhnw_bin.347.fa.gz,80.11088773359172
EHA05391_bin.528.fa.gz,76.79289711469346
EHA05415_bin.259.fa.gz,55.415811604297836
nhnw_bin.201.fa.gz,88.6659107057978
EHA05415_bin.227.fa.gz,97.91371104699066
EHA05415_bin.184.fa.gz,99.86166279197685
nhnw_bin.81.fa.gz,83.34831519909069
EHA05391_bin.25.fa.gz,52.7342524535243
nhnw_bin.526.fa.gz,86.36066637818094
nhnw_bin.410.fa.gz,73.17995997787345
nhnw_bin.122.fa.gz,84.32634103428133
nhnw_bin.506.fa.gz,59.775237485613175
EHA05391_bin.117.fa.gz,89.0562976637846
nhnw_bin.316.fa.gz,90.84942189605266
EHA05391_bin.101.fa.gz,80.19089961200133
EHA05391_bin.478.fa.gz,73.78865043919667
nhnw_bin.396.fa.gz,74.89160165018538
EHA05415_bin.110.fa.gz,91.12927716384135
nhnw_bin.76.fa.gz,97.77679502938369
EHA05391_bin.221.fa.gz,91.20231927954751
nhnw_bin.262.fa.gz,77.14676722721556
EHA05391_bin.220.fa.gz,86.80917743920209
EHA05391_bin.52.fa.gz,95.35480596542322
EHA05415_bin.351.fa.gz,82.56515716576556
nhnw_bin.560.fa.gz,95.02085589508539
EHA05415_bin.15.fa.gz,94.2480612045757
nhnw_bin.481.fa.gz,83.65301109004135
EHA05391_bin.591.fa.gz,70.83026822720156
nhnw_bin.228.fa.gz,99.30053766181489
EHA05415_bin.172.fa.gz,74.07057193385033
EHA05415_bin.430.fa.gz,54.015893932346216
EHA05391_bin.417.fa.gz,97.51849265254549
EHA05415_bin.288.fa.gz,74.52736136057943
EHA05391_bin.216.fa.gz,64.42404019428439
nhnw_bin.129.fa.gz,92.32013673036994
nhnw_bin.244.fa.gz,98.0230004154049
nhnw_bin.7.fa.gz,96.00681963922338
nhnw_bin.261.fa.gz,95.96127233933368
nhnw_bin.480.fa.gz,83.78733177044737
EHA05391_bin.139.fa.gz,71.57067368765934
EHA05415_bin.114.fa.gz,98.17637197319118
EHA05391_bin.271.fa.gz,87.23945505183524
nhnw_bin.259.fa.gz,92.34385516363369
EHA05391_bin.339.fa.gz,86.64141079881782
nhnw_bin.196.fa.gz,72.43472530906577
EHA05391_bin.687.fa.gz,52.88592302284936
nhnw_bin.299.fa.gz,83.73244892923067
EHA05391_bin.229.fa.gz,62.55137248284565
nhnw_bin.489.fa.gz,80.13836779917875
EHA05415_bin.318.fa.gz,100.25782175241204
EHA05391_bin.464.fa.gz,90.2779498262046
nhnw_bin.283.fa.gz,72.82412119313346
EHA05391_bin.666.fa.gz,71.93323425623473
nhnw_bin.450.fa.gz,92.97530492668884
EHA05391_bin.632.fa.gz,89.84473489198474
nhnw_bin.21.fa.gz,84.71625078170689
EHA05391_bin.217.fa.gz,77.96458436808032
EHA05415_bin.209.fa.gz,89.00938423509511
EHA05391_bin.185.fa.gz,95.70697934305335
EHA05391_bin.636.fa.gz,81.35660991355721
EHA05415_bin.193.fa.gz,80.85582668544865
EHA05415_bin.190.fa.gz,81.27682718273063
nhnw_bin.363.fa.gz,71.72308495113917
EHA05415_bin.329.fa.gz,79.38015086339696
EHA05415_bin.91.fa.gz,73.02129569385066
nhnw_bin.1.fa.gz,82.82634597924554
nhnw_bin.128.fa.gz,88.05031425278426
EHA05391_bin.96.fa.gz,82.03770584685743
EHA05415_bin.37.fa.gz,74.41333301253509
nhnw_bin.220.fa.gz,77.25735335000851
nhnw_bin.582.fa.gz,80.88184992018482
EHA05391_bin.235.fa.gz,73.04025220759752
nhnw_bin.457.fa.gz,73.81438452375178
EHA05391_bin.239.fa.gz,58.93916906358355
EHA05391_bin.517.fa.gz,75.27663734623218
EHA05391_bin.583.fa.gz,96.55314987781406
nhnw_bin.216.fa.gz,45.38369482506461
EHA05391_bin.495.fa.gz,80.15251360874632
nhnw_bin.399.fa.gz,95.78495728619033
EHA05415_bin.23.fa.gz,81.80436114943244
EHA05391_bin.425.fa.gz,96.66032942488248
EHA05391_bin.202.fa.gz,72.61439799295341
EHA05415_bin.215.fa.gz,96.47570231885578
EHA05391_bin.378.fa.gz,86.6447125143985
nhnw_bin.598.fa.gz,89.12975961424397
EHA05391_bin.234.fa.gz,63.9825830268768
nhnw_bin.492.fa.gz,76.28497503871691
EHA05391_bin.451.fa.gz,77.00485598428308
EHA05415_bin.326.fa.gz,60.4637930742417
EHA05391_bin.581.fa.gz,73.05822914262023
EHA05391_bin.419.fa.gz,89.70823502985083
EHA05391_bin.326.fa.gz,49.45046980101905
nhnw_bin.304.fa.gz,48.86892346578979
nhnw_bin.381.fa.gz,56.30367134530082
nhnw_bin.213.fa.gz,78.51793700750055
nhnw_bin.74.fa.gz,77.15445088048511
EHA05415_bin.192.fa.gz,93.80826582563944
EHA05391_bin.171.fa.gz,92.43994097105643
EHA05391_bin.184.fa.gz,61.9349511824003
EHA05391_bin.274.fa.gz,85.70192466904834
EHA05391_bin.609.fa.gz,77.22073338088487
EHA05391_bin.276.fa.gz,99.12873108574298
EHA05415_bin.147.fa.gz,74.79002702113203
EHA05415_bin.88.fa.gz,75.39671428680164
EHA05391_bin.586.fa.gz,81.22428956270433
nhnw_bin.451.fa.gz,54.8345901794982
EHA05391_bin.173.fa.gz,78.29547821966595
EHA05391_bin.376.fa.gz,85.29410074372926
EHA05391_bin.172.fa.gz,99.04413120287403
EHA05415_bin.204.fa.gz,61.941663230908794
EHA05391_bin.537.fa.gz,64.12140073315896
EHA05391_bin.585.fa.gz,73.66962470673836
EHA05415_bin.144.fa.gz,61.02647416871145
nhnw_bin.207.fa.gz,63.66693267442135
nhnw_bin.120.fa.gz,57.22953911237348
nhnw_bin.575.fa.gz,67.29339852392664
EHA05391_bin.258.fa.gz,90.73967197551609
EHA05415_bin.90.fa.gz,77.52621057418047
EHA05391_bin.602.fa.gz,72.50491100798908
EHA05391_bin.120.fa.gz,59.45144809919263
EHA05415_bin.307.fa.gz,57.0252554913759
EHA05391_bin.362.fa.gz,46.2073793095771
EHA05415_bin.155.fa.gz,76.97827989508737
EHA05415_bin.158.fa.gz,70.76400093045204
EHA05391_bin.39.fa.gz,97.75834337147282
EHA05391_bin.118.fa.gz,63.91913474173145
nhnw_bin.279.fa.gz,72.28623524115194
EHA05391_bin.227.fa.gz,77.08713657448658
nhnw_bin.520.fa.gz,87.52711245243447
EHA05391_bin.375.fa.gz,70.34405119139171
nhnw_bin.449.fa.gz,98.52935467472129
nhnw_bin.153.fa.gz,97.16128543411116
nhnw_bin.55.fa.gz,96.3952715290522
nhnw_bin.102.fa.gz,86.64603992010831
nhnw_bin.170.fa.gz,41.86755499484309
EHA05391_bin.294.fa.gz,99.75416761687009
nhnw_bin.373.fa.gz,85.39952776552616
EHA05415_bin.156.fa.gz,90.11993346128244
EHA05391_bin.348.fa.gz,71.38701950040229
nhnw_bin.319.fa.gz,32.70342597391032
EHA05391_bin.349.fa.gz,58.741737114585156
nhnw_bin.488.fa.gz,41.27250948614139
EHA05391_bin.35.fa.gz,87.20369991556662
nhnw_bin.298.fa.gz,39.32746848401872
nhnw_bin.278.fa.gz,49.99122698052014
EHA05415_bin.138.fa.gz,70.9253286173557
EHA05415_bin.413.fa.gz,72.01022207768328
EHA05391_bin.314.fa.gz,90.37829860417895
nhnw_bin.407.fa.gz,54.968507602954
EHA05415_bin.136.fa.gz,57.63285501477265
nhnw_bin.221.fa.gz,57.80103546363205
EHA05415_bin.135.fa.gz,59.34453056204239
nhnw_bin.148.fa.gz,65.9230946498684
EHA05415_bin.137.fa.gz,85.16294981036188
EHA05391_bin.84.fa.gz,93.69298077090657
EHA05391_bin.620.fa.gz,68.2620385169514
nhnw_bin.431.fa.gz,95.03544989858676
EHA05391_bin.402.fa.gz,93.79090037125235
nhnw_bin.422.fa.gz,83.01057653184482
EHA05391_bin.313.fa.gz,71.06406836988153
nhnw_bin.189.fa.gz,64.6211883211768
EHA05415_bin.348.fa.gz,97.40607778569778
EHA05415_bin.349.fa.gz,89.54659799316975
EHA05415_bin.24.fa.gz,91.91230386006531
EHA05391_bin.337.fa.gz,93.81571404965838
nhnw_bin.524.fa.gz,97.04710409876662
EHA05415_bin.77.fa.gz,97.157567953311
EHA05391_bin.275.fa.gz,65.43546783235219
nhnw_bin.245.fa.gz,66.95067889272103
EHA05415_bin.106.fa.gz,74.05146486667158
EHA05391_bin.518.fa.gz,79.37475552611495
EHA05391_bin.618.fa.gz,58.53308618415848
nhnw_bin.179.fa.gz,84.70497303191875
EHA05391_bin.690.fa.gz,75.68426485948565
EHA05415_bin.187.fa.gz,95.43093607950516
EHA05415_bin.309.fa.gz,84.30970606283613
EHA05391_bin.250.fa.gz,72.63255048311096
EHA05391_bin.524.fa.gz,73.09462649800814
EHA05391_bin.278.fa.gz,72.94803965471884
EHA05391_bin.535.fa.gz,76.35298881466717
EHA05391_bin.500.fa.gz,74.6430367847973
nhnw_bin.469.fa.gz,77.78347477048699
EHA05391_bin.415.fa.gz,84.2228205303603
EHA05391_bin.552.fa.gz,66.89230368190772
EHA05391_bin.180.fa.gz,90.99051140260242
EHA05415_bin.183.fa.gz,99.22026585546037
nhnw_bin.463.fa.gz,84.41065564757999
nhnw_bin.227.fa.gz,75.7688949146811
nhnw_bin.338.fa.gz,79.77533407253382
EHA05391_bin.125.fa.gz,92.07492727760975
EHA05391_bin.592.fa.gz,50.35298175900907
nhnw_bin.275.fa.gz,87.71534038114322
nhnw_bin.147.fa.gz,50.25466564349187
nhnw_bin.195.fa.gz,68.53282072662434
EHA05415_bin.89.fa.gz,86.4016649015388
nhnw_bin.462.fa.gz,79.33177005367399
EHA05391_bin.698.fa.gz,92.53800176783494
EHA05391_bin.343.fa.gz,97.15913856277385
nhnw_bin.277.fa.gz,78.95018665345802
EHA05391_bin.450.fa.gz,94.44901254582538
EHA05391_bin.364.fa.gz,97.24252907558603
EHA05415_bin.328.fa.gz,55.33977640394114
nhnw_bin.367.fa.gz,78.22728882802235
EHA05391_bin.536.fa.gz,43.943918604608854
nhnw_bin.163.fa.gz,77.60270655003808
EHA05391_bin.519.fa.gz,93.89704458489929
EHA05391_bin.582.fa.gz,68.24065114334658
EHA05391_bin.584.fa.gz,93.42495341778434
EHA05391_bin.551.fa.gz,70.8503666173059
EHA05391_bin.633.fa.gz,65.58865347544854
EHA05391_bin.328.fa.gz,80.31535317664692
nhnw_bin.314.fa.gz,81.91442114419068
EHA05415_bin.207.fa.gz,74.08095281961182
nhnw_bin.572.fa.gz,48.21859496323427
EHA05391_bin.534.fa.gz,81.0657901724517
EHA05391_bin.567.fa.gz,97.14194708241637
EHA05391_bin.449.fa.gz,87.13427359878384
nhnw_bin.379.fa.gz,54.369616865682694
EHA05415_bin.185.fa.gz,79.97366783797438
EHA05391_bin.116.fa.gz,98.59577685227148
EHA05391_bin.550.fa.gz,90.78719039723497
EHA05391_bin.257.fa.gz,86.99038674843312
nhnw_bin.510.fa.gz,81.38418779164839
EHA05391_bin.182.fa.gz,77.69518665345802
EHA05391_bin.413.fa.gz,79.88225436455164
EHA05391_bin.456.fa.gz,86.47278915202602
nhnw_bin.64.fa.gz,77.60146077277227
EHA05391_bin.277.fa.gz,47.43525419742567
EHA05391_bin.452.fa.gz,92.05984494498324
EHA05415_bin.239.fa.gz,90.09736528481396
EHA05391_bin.327.fa.gz,75.58678147612947
EHA05391_bin.342.fa.gz,92.27731227707444
EHA05391_bin.345.fa.gz,100.55766994230272
EHA05391_bin.344.fa.gz,99.824725589701
EHA05415_bin.405.fa.gz,52.42708855378838
EHA05415_bin.188.fa.gz,71.39640359418453
EHA05391_bin.416.fa.gz,77.43907393532164
EHA05415_bin.208.fa.gz,60.79058971029926
EHA05391_bin.538.fa.gz,55.194932726513144
EHA05391_bin.671.fa.gz,57.64394097174231
EHA05391_bin.190.fa.gz,101.75294860380784
EHA05415_bin.191.fa.gz,77.79648482700871
nhnw_bin.408.fa.gz,73.7119435721302
EHA05391_bin.365.fa.gz,93.59131226178948
EHA05391_bin.183.fa.gz,79.21724110750505
EHA05415_bin.186.fa.gz,57.66297044942442
EHA05391_bin.357.fa.gz,90.68418989744119
nhnw_bin.31.fa.gz,85.80509742848209
EHA05415_bin.327.fa.gz,74.2552331224856
nhnw_bin.453.fa.gz,45.23373607706945
EHA05415_bin.174.fa.gz,90.34598844562834
EHA05415_bin.330.fa.gz,74.7711723397889
EHA05415_bin.286.fa.gz,58.7724083090377
nhnw_bin.13.fa.gz,91.53330385154194
EHA05415_bin.189.fa.gz,56.17611491788638
nhnw_bin.308.fa.gz,68.11545641009539
EHA05415_bin.287.fa.gz,94.08616066584446
nhnw_bin.258.fa.gz,85.82091245366443
EHA05415_bin.113.fa.gz,76.57385662952613
EHA05415_bin.353.fa.gz,69.77329949338156
EHA05415_bin.285.fa.gz,94.74175362369816
EHA05391_bin.385.fa.gz,91.96670957067504
EHA05415_bin.352.fa.gz,65.39434204007598
EHA05391_bin.477.fa.gz,91.94717855635919
nhnw_bin.477.fa.gz,64.62422593127519
EHA05415_bin.112.fa.gz,96.50885130836714
nhnw_bin.106.fa.gz,64.10272875072592
nhnw_bin.168.fa.gz,41.78911023655434
EHA05415_bin.321.fa.gz,45.29054757828067
EHA05415_bin.123.fa.gz,58.07493727919549
nhnw_bin.30.fa.gz,82.81468515908955
nhnw_bin.48.fa.gz,76.189156908612
EHA05415_bin.379.fa.gz,66.8257901724517
EHA05391_bin.485.fa.gz,69.43220126053441
nhnw_bin.583.fa.gz,80.00635185280893
EHA05415_bin.280.fa.gz,74.47447286351188
EHA05391_bin.305.fa.gz,75.16330501194962
nhnw_bin.109.fa.gz,82.25082780198812
EHA05391_bin.215.fa.gz,43.33608789191522
nhnw_bin.365.fa.gz,93.75739651409648
EHA05391_bin.119.fa.gz,68.20501734817002
nhnw_bin.325.fa.gz,99.07806318537969
EHA05415_bin.115.fa.gz,95.00685511573752
EHA05391_bin.104.fa.gz,94.38132483610596
EHA05415_bin.224.fa.gz,73.19040789118284
nhnw_bin.66.fa.gz,81.46987930792133
EHA05391_bin.57.fa.gz,96.1691455932428
nhnw_bin.508.fa.gz,99.29284365672126
EHA05391_bin.403.fa.gz,83.81232866661743
nhnw_bin.209.fa.gz,83.20900356551954
EHA05391_bin.594.fa.gz,62.206231948303504
nhnw_bin.454.fa.gz,100.22878478173192
EHA05391_bin.98.fa.gz,84.810540863892
EHA05415_bin.47.fa.gz,60.388994488125455
EHA05391_bin.28.fa.gz,61.08779752819338
nhnw_bin.45.fa.gz,93.02004254252294
EHA05415_bin.312.fa.gz,85.53196710308686
EHA05391_bin.26.fa.gz,94.49997972440447
EHA05415_bin.22.fa.gz,99.92379009768963
nhnw_bin.24.fa.gz,83.24422058363918
nhnw_bin.377.fa.gz,72.37076176108407
EHA05415_bin.27.fa.gz,60.92479035608222
nhnw_bin.536.fa.gz,88.05086333220689
EHA05391_bin.565.fa.gz,97.46468519534112
nhnw_bin.405.fa.gz,73.29893467944633
nhnw_bin.486.fa.gz,76.27145409748564
EHA05391_bin.95.fa.gz,80.4403178373976
nhnw_bin.214.fa.gz,92.84971333456666
EHA05415_bin.111.fa.gz,98.73350754630805
nhnw_bin.385.fa.gz,89.8753666173059
EHA05391_bin.27.fa.gz,86.57136947445115
EHA05415_bin.141.fa.gz,60.427557538583414
nhnw_bin.188.fa.gz,97.41788896112374
EHA05391_bin.297.fa.gz,96.21122211675315
EHA05415_bin.108.fa.gz,71.61632194260379
EHA05391_bin.302.fa.gz,98.31562449489806
nhnw_bin.291.fa.gz,81.93613861656317
EHA05391_bin.99.fa.gz,58.52006988887288
EHA05391_bin.393.fa.gz,95.97794553875138
EHA05391_bin.100.fa.gz,81.22008760316768
nhnw_bin.173.fa.gz,100.48259745461641
EHA05415_bin.131.fa.gz,72.95621668567513
EHA05415_bin.130.fa.gz,78.26504644272904
EHA05391_bin.55.fa.gz,54.416447869430016
nhnw_bin.571.fa.gz,96.53567486820255
EHA05391_bin.149.fa.gz,81.71243345716425
nhnw_bin.217.fa.gz,61.90138830744173
EHA05415_bin.134.fa.gz,79.18488788599731
nhnw_bin.540.fa.gz,93.78350761928895
EHA05391_bin.433.fa.gz,90.5894313524077
nhnw_bin.487.fa.gz,89.59266158264035
EHA05391_bin.10.fa.gz,82.63586335250486
EHA05391_bin.392.fa.gz,51.53934118747787
nhnw_bin.331.fa.gz,98.13577075092442
EHA05391_bin.8.fa.gz,90.68138959946678
nhnw_bin.82.fa.gz,92.32820265979518
EHA05391_bin.475.fa.gz,82.50638651172375
nhnw_bin.56.fa.gz,95.17908098087916
nhnw_bin.197.fa.gz,94.70361282589228
EHA05391_bin.175.fa.gz,65.58666792003304
nhnw_bin.286.fa.gz,80.22459377996788
EHA05391_bin.207.fa.gz,89.90061124212828
nhnw_bin.215.fa.gz,91.07114848291346
EHA05415_bin.462.fa.gz,74.98222764999917
EHA05391_bin.509.fa.gz,84.9274004496473
nhnw_bin.459.fa.gz,89.54527082894177
nhnw_bin.165.fa.gz,68.7709811320374
nhnw_bin.389.fa.gz,66.05765760817636
EHA05415_bin.343.fa.gz,73.98857436150115
EHA05415_bin.42.fa.gz,75.75982421478173
nhnw_bin.59.fa.gz,90.87342670733337
EHA05391_bin.510.fa.gz,79.95116280933391
nhnw_bin.191.fa.gz,95.25562226702957
EHA05415_bin.84.fa.gz,95.46616085336146
EHA05415_bin.267.fa.gz,95.43463049314236
nhnw_bin.14.fa.gz,97.32740301068435
nhnw_bin.324.fa.gz,94.18876222284081
nhnw_bin.68.fa.gz,85.13136700947413
EHA05391_bin.463.fa.gz,98.68685777930074
EHA05391_bin.465.fa.gz,48.35159362194853
nhnw_bin.116.fa.gz,92.73657509984163
nhnw_bin.577.fa.gz,92.79760855822872
EHA05415_bin.73.fa.gz,75.01713211062005
nhnw_bin.134.fa.gz,95.36736029284201
EHA05391_bin.462.fa.gz,95.6529720458095
nhnw_bin.268.fa.gz,85.32605786453942
EHA05391_bin.174.fa.gz,69.49558642135754
EHA05415_bin.79.fa.gz,88.5514733071663
EHA05391_bin.288.fa.gz,73.92043446184357
nhnw_bin.249.fa.gz,94.83479313666096
EHA05391_bin.40.fa.gz,94.70503758321486
EHA05391_bin.5.fa.gz,93.01619856570335
EHA05391_bin.571.fa.gz,82.01018527255877
EHA05415_bin.206.fa.gz,74.34550684530191
EHA05391_bin.289.fa.gz,81.84404040523411
EHA05415_bin.148.fa.gz,64.5438443441604
EHA05415_bin.83.fa.gz,66.6120061831247
nhnw_bin.154.fa.gz,97.02443456322145
EHA05415_bin.143.fa.gz,89.37400480970923
EHA05391_bin.652.fa.gz,71.17436995953439
EHA05391_bin.163.fa.gz,80.909794852424
EHA05391_bin.541.fa.gz,68.04552668771542
EHA05391_bin.7.fa.gz,60.400493364952574
EHA05415_bin.159.fa.gz,86.97672078704241
EHA05391_bin.543.fa.gz,80.10432366912625
EHA05391_bin.603.fa.gz,62.711951789636366
nhnw_bin.592.fa.gz,89.40508644819657
EHA05391_bin.595.fa.gz,74.32212722955562
EHA05391_bin.17.fa.gz,76.43322630654498
EHA05415_bin.266.fa.gz,82.02263467040258
nhnw_bin.119.fa.gz,96.45770671220362
EHA05391_bin.573.fa.gz,89.81679131391853
EHA05415_bin.278.fa.gz,68.84502077715983
EHA05391_bin.48.fa.gz,96.79342940551071
nhnw_bin.339.fa.gz,90.60884716573739
EHA05391_bin.545.fa.gz,82.75023529640188
nhnw_bin.171.fa.gz,66.88290398950188
nhnw_bin.250.fa.gz,85.79098883738207
EHA05391_bin.546.fa.gz,69.13251509886153
EHA05415_bin.166.fa.gz,83.96475522613467
nhnw_bin.505.fa.gz,82.48342470677161
EHA05391_bin.54.fa.gz,61.73943491075649
EHA05415_bin.19.fa.gz,92.85896559102765
EHA05391_bin.13.fa.gz,72.37661276813085
EHA05415_bin.160.fa.gz,97.0065490562297
nhnw_bin.531.fa.gz,82.58560259615957
EHA05415_bin.360.fa.gz,84.02766870223478
EHA05415_bin.87.fa.gz,92.84795506821526
EHA05391_bin.522.fa.gz,43.735654021927964
nhnw_bin.441.fa.gz,60.46062039011776
nhnw_bin.558.fa.gz,83.26033791490927
EHA05391_bin.134.fa.gz,74.55937576008651
nhnw_bin.41.fa.gz,72.44914507738545
nhnw_bin.312.fa.gz,62.254079475628195
nhnw_bin.499.fa.gz,60.197805255837146
EHA05391_bin.153.fa.gz,58.50645409748563
EHA05391_bin.243.fa.gz,96.01128823813026
EHA05415_bin.294.fa.gz,97.08797150898592
nhnw_bin.103.fa.gz,94.19876889380184
EHA05391_bin.498.fa.gz,88.16985577458718
EHA05415_bin.234.fa.gz,72.27963977593086
EHA05391_bin.310.fa.gz,55.845012698233546
nhnw_bin.288.fa.gz,76.61190113752389
nhnw_bin.174.fa.gz,92.95266396708162
EHA05391_bin.300.fa.gz,57.67544503892816
nhnw_bin.341.fa.gz,69.16630752492459
EHA05391_bin.561.fa.gz,56.18
nhnw_bin.546.fa.gz,82.96034931143556
EHA05391_bin.20.fa.gz,67.48203233970428
EHA05415_bin.205.fa.gz,79.79736814436436
EHA05391_bin.22.fa.gz,94.11985817458608
nhnw_bin.335.fa.gz,90.37594037625054
EHA05391_bin.574.fa.gz,89.37696824295865
EHA05415_bin.302.fa.gz,79.37067031915022
nhnw_bin.426.fa.gz,51.969296990488324
nhnw_bin.541.fa.gz,72.6962751469491
nhnw_bin.127.fa.gz,65.78774650333891
EHA05391_bin.103.fa.gz,60.972630254759714
EHA05391_bin.640.fa.gz,68.4055696251284
EHA05391_bin.150.fa.gz,61.64070871579258
nhnw_bin.501.fa.gz,92.82245493878263
nhnw_bin.475.fa.gz,75.87345191968782
EHA05391_bin.222.fa.gz,99.41329987586018
EHA05391_bin.335.fa.gz,71.61559053122234
EHA05391_bin.513.fa.gz,77.35377461110618
nhnw_bin.87.fa.gz,92.6831959338053
EHA05415_bin.246.fa.gz,94.0662339787909
nhnw_bin.2.fa.gz,66.20848785073501
nhnw_bin.353.fa.gz,92.21077459826677
EHA05391_bin.554.fa.gz,80.55792978677185
EHA05415_bin.152.fa.gz,77.54007210266562
EHA05391_bin.23.fa.gz,63.29329524901781
EHA05415_bin.127.fa.gz,95.5430573308378
EHA05391_bin.514.fa.gz,76.17022082247487
nhnw_bin.152.fa.gz,94.73371856547551
EHA05415_bin.126.fa.gz,73.36857044489241
nhnw_bin.167.fa.gz,71.41395984265868
nhnw_bin.301.fa.gz,89.30059071464721
EHA05391_bin.226.fa.gz,93.16687014974848
EHA05415_bin.325.fa.gz,90.87928621511035
EHA05391_bin.299.fa.gz,92.76011051309594
EHA05415_bin.324.fa.gz,56.838500043660666
EHA05391_bin.474.fa.gz,89.51039511068717
nhnw_bin.535.fa.gz,78.82801705112752
EHA05415_bin.36.fa.gz,80.6099921240208
EHA05415_bin.18.fa.gz,90.70574085191976
EHA05415_bin.323.fa.gz,86.61470970689845
EHA05391_bin.205.fa.gz,95.71755178997805
EHA05391_bin.319.fa.gz,99.3414784631506
EHA05391_bin.372.fa.gz,98.01603109513712
EHA05415_bin.9.fa.gz,67.95422445624038
nhnw_bin.418.fa.gz,96.742141336275
EHA05415_bin.293.fa.gz,95.5220690688318
EHA05415_bin.342.fa.gz,89.5005878016383
EHA05391_bin.332.fa.gz,50.94748439040008
nhnw_bin.370.fa.gz,81.47909432468649
EHA05415_bin.175.fa.gz,89.54091823715757
EHA05391_bin.254.fa.gz,74.38937430812479
EHA05391_bin.639.fa.gz,66.68997692082819
EHA05415_bin.402.fa.gz,57.46706901090607
EHA05415_bin.61.fa.gz,85.04998026370298
EHA05391_bin.504.fa.gz,73.57673769926836
EHA05391_bin.151.fa.gz,62.71176094960561
EHA05415_bin.292.fa.gz,85.7087820019837
EHA05391_bin.317.fa.gz,67.02092677954492
EHA05391_bin.371.fa.gz,97.22020263005197
nhnw_bin.561.fa.gz,97.56652734668212
EHA05391_bin.373.fa.gz,70.06637443308036
EHA05391_bin.426.fa.gz,65.14083749853539
EHA05391_bin.467.fa.gz,80.9890418229906
EHA05391_bin.374.fa.gz,91.84640319633064
EHA05415_bin.222.fa.gz,77.35645321862957
EHA05391_bin.540.fa.gz,30.673132355947853
EHA05415_bin.124.fa.gz,97.23686667735576
nhnw_bin.204.fa.gz,87.68569442667419
nhnw_bin.280.fa.gz,79.61098305213653
nhnw_bin.100.fa.gz,74.48016430341171
nhnw_bin.240.fa.gz,68.70029975640557
EHA05391_bin.157.fa.gz,71.3340207304467
nhnw_bin.256.fa.gz,90.09692681716461
EHA05415_bin.142.fa.gz,87.23476103212909
EHA05391_bin.539.fa.gz,80.50767194654419
EHA05415_bin.270.fa.gz,81.52735752673217
EHA05415_bin.179.fa.gz,96.15380185385892
nhnw_bin.270.fa.gz,82.50050558688343
EHA05391_bin.158.fa.gz,64.52306199251056
nhnw_bin.387.fa.gz,83.36679516630333
EHA05415_bin.116.fa.gz,91.69290307724022
EHA05391_bin.296.fa.gz,80.39587481611346
EHA05415_bin.422.fa.gz,82.18388830187084
EHA05391_bin.41.fa.gz,74.88804910100642
nhnw_bin.253.fa.gz,78.0266078922699
EHA05391_bin.65.fa.gz,67.9217972010935
EHA05391_bin.307.fa.gz,93.80693613132917
nhnw_bin.435.fa.gz,69.6550678759352
nhnw_bin.121.fa.gz,95.9160379718999
EHA05391_bin.3.fa.gz,70.04070674863013
EHA05391_bin.391.fa.gz,79.06672133763955
nhnw_bin.494.fa.gz,84.02944559664583
EHA05415_bin.233.fa.gz,74.41753613135306
EHA05391_bin.192.fa.gz,70.29652996664205
nhnw_bin.497.fa.gz,85.35715492207063
EHA05391_bin.208.fa.gz,49.689491421351406
nhnw_bin.594.fa.gz,69.36873128681516
nhnw_bin.563.fa.gz,81.97995620516735
EHA05391_bin.322.fa.gz,57.76596085629308
EHA05415_bin.463.fa.gz,80.67273611646624
EHA05391_bin.621.fa.gz,70.41458486608259
nhnw_bin.552.fa.gz,51.90802656232595
nhnw_bin.160.fa.gz,83.7193223884439
nhnw_bin.427.fa.gz,80.70921301273356
EHA05391_bin.607.fa.gz,92.57620877430043
nhnw_bin.200.fa.gz,95.85001884711096
nhnw_bin.62.fa.gz,80.47561999893016
EHA05391_bin.409.fa.gz,96.1840431522237
nhnw_bin.206.fa.gz,96.67898871359276
EHA05391_bin.408.fa.gz,87.7394957973528
nhnw_bin.452.fa.gz,94.77805390465346
nhnw_bin.380.fa.gz,79.94324620352643
EHA05415_bin.72.fa.gz,97.2867237721324
EHA05391_bin.269.fa.gz,78.58526225704863
nhnw_bin.193.fa.gz,78.93295063400474
EHA05391_bin.292.fa.gz,80.91488343638919
nhnw_bin.398.fa.gz,94.03313449213002
EHA05415_bin.232.fa.gz,76.83386652626662
EHA05391_bin.420.fa.gz,67.48359575954355
nhnw_bin.164.fa.gz,83.30548399766661
nhnw_bin.549.fa.gz,90.76586174274064
EHA05391_bin.473.fa.gz,92.48540604947756
nhnw_bin.596.fa.gz,89.41736865073068
EHA05415_bin.445.fa.gz,96.54656545612129
EHA05391_bin.436.fa.gz,84.20112942531426
nhnw_bin.502.fa.gz,85.57071054703323
EHA05391_bin.200.fa.gz,70.8592049851656
EHA05415_bin.34.fa.gz,100.09375942305331
EHA05415_bin.444.fa.gz,82.78609147209524
EHA05391_bin.112.fa.gz,66.91344237156488
nhnw_bin.440.fa.gz,74.9237842380809
nhnw_bin.34.fa.gz,72.2293426787935
nhnw_bin.515.fa.gz,78.5303066253058
EHA05415_bin.437.fa.gz,73.3269854667224
nhnw_bin.504.fa.gz,74.18920979252474
EHA05391_bin.330.fa.gz,74.02652005597855
EHA05391_bin.489.fa.gz,87.92432295964115
EHA05391_bin.79.fa.gz,94.28456542368666
EHA05415_bin.164.fa.gz,73.52319106607509
EHA05415_bin.43.fa.gz,76.09803881850196
nhnw_bin.402.fa.gz,84.47736971705673
EHA05391_bin.2.fa.gz,62.550592013651155
nhnw_bin.361.fa.gz,47.67343821598658
EHA05415_bin.178.fa.gz,82.2851057358209
nhnw_bin.235.fa.gz,82.96910177557487
EHA05391_bin.167.fa.gz,98.68785526989447
nhnw_bin.177.fa.gz,94.09812485302595
EHA05415_bin.256.fa.gz,78.61099199157135
nhnw_bin.211.fa.gz,93.20759799071588
EHA05415_bin.255.fa.gz,88.31392286736944
nhnw_bin.344.fa.gz,46.42664754136825
EHA05391_bin.135.fa.gz,60.02207221608565
EHA05391_bin.281.fa.gz,85.03661277529105
EHA05415_bin.452.fa.gz,54.74229007258853
EHA05391_bin.429.fa.gz,71.98442797558731
EHA05391_bin.471.fa.gz,90.93708021129866
nhnw_bin.579.fa.gz,49.957194170595294
EHA05415_bin.228.fa.gz,76.25177314113517
EHA05391_bin.472.fa.gz,84.9109844438476
EHA05391_bin.568.fa.gz,74.80738384876403
nhnw_bin.202.fa.gz,91.97378531328467
EHA05391_bin.437.fa.gz,90.34426437162716
EHA05415_bin.320.fa.gz,85.69477647750642
nhnw_bin.327.fa.gz,78.16138363638167
nhnw_bin.49.fa.gz,95.30376694377898
EHA05415_bin.161.fa.gz,69.29081051677674
EHA05415_bin.408.fa.gz,65.73037866165389
EHA05415_bin.99.fa.gz,81.53369585110022
EHA05391_bin.109.fa.gz,88.46941263900199
EHA05415_bin.350.fa.gz,76.57063787861595
EHA05391_bin.46.fa.gz,87.1661669452575
EHA05391_bin.168.fa.gz,79.82015861078712
EHA05415_bin.100.fa.gz,64.5741883544227
EHA05391_bin.77.fa.gz,92.53225668714632
EHA05391_bin.308.fa.gz,65.8400435068487
nhnw_bin.470.fa.gz,94.97559016378352
EHA05415_bin.220.fa.gz,68.76683636027369
nhnw_bin.112.fa.gz,86.90132143407116
EHA05391_bin.176.fa.gz,91.49694032506228
EHA05391_bin.179.fa.gz,59.78091796202882
EHA05391_bin.287.fa.gz,75.73721708429943
nhnw_bin.117.fa.gz,90.65184051947764
nhnw_bin.465.fa.gz,78.60040196740519
EHA05415_bin.7.fa.gz,92.79044160777417
nhnw_bin.26.fa.gz,94.83511488874107
EHA05415_bin.458.fa.gz,73.17422938675779
nhnw_bin.388.fa.gz,51.72426326360266
EHA05391_bin.32.fa.gz,94.8102190735889
nhnw_bin.351.fa.gz,69.57035132985973
EHA05415_bin.231.fa.gz,77.85083606103413
nhnw_bin.595.fa.gz,76.90937048034144
EHA05391_bin.49.fa.gz,97.50503578441868
EHA05415_bin.97.fa.gz,76.01955982686299
EHA05391_bin.186.fa.gz,71.51856602169104
EHA05415_bin.253.fa.gz,78.172538757387
EHA05415_bin.74.fa.gz,77.45001312445645
EHA05415_bin.151.fa.gz,89.45060070579969
nhnw_bin.366.fa.gz,87.32416025465903
EHA05415_bin.154.fa.gz,98.2821266406488
nhnw_bin.72.fa.gz,72.67264796484902
EHA05415_bin.96.fa.gz,87.10835422736885
nhnw_bin.175.fa.gz,66.61997122657964
EHA05391_bin.279.fa.gz,67.00603128871022
nhnw_bin.525.fa.gz,91.45402847364039
EHA05391_bin.270.fa.gz,80.32594263941527
nhnw_bin.356.fa.gz,81.31880340453516
EHA05415_bin.125.fa.gz,67.02434709513277
EHA05391_bin.166.fa.gz,74.92404821324594
nhnw_bin.364.fa.gz,89.04696860313723
EHA05391_bin.177.fa.gz,72.80839464437665
EHA05415_bin.202.fa.gz,63.43866840038768
EHA05415_bin.30.fa.gz,89.81764131899911
EHA05391_bin.493.fa.gz,77.31623524115194
nhnw_bin.346.fa.gz,48.77756169685536
EHA05415_bin.247.fa.gz,93.51732921943996
nhnw_bin.75.fa.gz,73.37463383321658
EHA05391_bin.492.fa.gz,78.18570669929056
nhnw_bin.199.fa.gz,89.52216079912174
EHA05391_bin.256.fa.gz,90.01585743923253
nhnw_bin.247.fa.gz,74.79316961625625
nhnw_bin.537.fa.gz,89.84567338206742
EHA05391_bin.341.fa.gz,94.7718867894497
nhnw_bin.84.fa.gz,78.5399003558153
nhnw_bin.574.fa.gz,78.84948233870259
EHA05391_bin.356.fa.gz,93.78970218617276
EHA05415_bin.451.fa.gz,82.84771618123527
nhnw_bin.95.fa.gz,89.76824787609878
EHA05391_bin.622.fa.gz,76.23379317853717
nhnw_bin.101.fa.gz,88.68113214558501
EHA05391_bin.38.fa.gz,83.60204171798179
nhnw_bin.593.fa.gz,87.38463591682242
EHA05415_bin.257.fa.gz,71.01080149936544
nhnw_bin.149.fa.gz,74.67982349384019
EHA05391_bin.643.fa.gz,65.26455883117816
nhnw_bin.185.fa.gz,81.3681741778885
EHA05415_bin.196.fa.gz,66.57724907331834
EHA05415_bin.258.fa.gz,85.02414441283356
EHA05415_bin.412.fa.gz,76.1867290254976
EHA05391_bin.272.fa.gz,95.38990933141069
EHA05391_bin.355.fa.gz,76.25224133607509
nhnw_bin.313.fa.gz,43.90505343017745
EHA05415_bin.483.fa.gz,83.12148942766763
EHA05391_bin.548.fa.gz,79.00214265752405
nhnw_bin.287.fa.gz,82.04306658664217
nhnw_bin.260.fa.gz,50.55379936486062
nhnw_bin.300.fa.gz,81.08163751025288
nhnw_bin.350.fa.gz,83.62667307980823
EHA05415_bin.195.fa.gz,93.41378252673759
nhnw_bin.166.fa.gz,71.19804039135803
EHA05391_bin.189.fa.gz,71.87278915202602
nhnw_bin.151.fa.gz,84.08732239266494
nhnw_bin.69.fa.gz,92.20639391953624
EHA05391_bin.232.fa.gz,96.6152649590989
nhnw_bin.83.fa.gz,89.00609437440444
EHA05415_bin.194.fa.gz,74.54439347532958
EHA05391_bin.588.fa.gz,66.4121181686544
nhnw_bin.527.fa.gz,87.00836375505678
nhnw_bin.86.fa.gz,72.4014778753023
nhnw_bin.4.fa.gz,80.09826035305164
EHA05415_bin.251.fa.gz,71.18043223763256
nhnw_bin.532.fa.gz,87.82622878910038
EHA05415_bin.150.fa.gz,92.27500283955213
nhnw_bin.310.fa.gz,87.43475532156874
EHA05391_bin.187.fa.gz,80.90015119258935
EHA05415_bin.229.fa.gz,90.66383139229204
EHA05415_bin.230.fa.gz,81.37148500565509
EHA05391_bin.193.fa.gz,70.51944421235254
EHA05391_bin.311.fa.gz,95.04227497385128
EHA05391_bin.382.fa.gz,74.26926579545744
EHA05415_bin.431.fa.gz,101.37235602113203
EHA05391_bin.424.fa.gz,93.68576176108408
EHA05391_bin.291.fa.gz,63.83708102304943
EHA05391_bin.245.fa.gz,62.34485766632358
EHA05391_bin.587.fa.gz,94.5764846454372
EHA05415_bin.447.fa.gz,54.87564402429765
nhnw_bin.417.fa.gz,90.70067069582724
nhnw_bin.88.fa.gz,71.56100144567536
nhnw_bin.551.fa.gz,88.76600307140306
EHA05391_bin.206.fa.gz,97.48854023175225
EHA05415_bin.250.fa.gz,73.11264126562145
EHA05415_bin.165.fa.gz,90.04159216044752
EHA05391_bin.244.fa.gz,70.55653516292783
EHA05415_bin.398.fa.gz,77.40696479602886
nhnw_bin.328.fa.gz,78.58341293801591
EHA05391_bin.435.fa.gz,91.98562235697563
EHA05415_bin.153.fa.gz,94.79601395554623
EHA05391_bin.439.fa.gz,90.59274359039141
EHA05391_bin.526.fa.gz,70.16228128659384
EHA05391_bin.198.fa.gz,75.69989036520182
nhnw_bin.362.fa.gz,72.73408418557058
EHA05415_bin.315.fa.gz,91.39985658000522
EHA05415_bin.406.fa.gz,38.84429650792551
EHA05415_bin.417.fa.gz,66.36229911317182
nhnw_bin.293.fa.gz,91.14997523719316
EHA05415_bin.461.fa.gz,96.99859212767369
EHA05415_bin.436.fa.gz,97.66709065433191
EHA05415_bin.440.fa.gz,88.10805185518174
EHA05415_bin.248.fa.gz,77.97840132763275
EHA05415_bin.249.fa.gz,97.02930468674008
nhnw_bin.42.fa.gz,92.06454024295552
nhnw_bin.430.fa.gz,80.68723640085443
EHA05391_bin.430.fa.gz,93.87193475069417
nhnw_bin.503.fa.gz,81.87334832798908
EHA05391_bin.617.fa.gz,86.82757017609794
nhnw_bin.254.fa.gz,78.86854156015792
EHA05391_bin.414.fa.gz,73.79729918771051
nhnw_bin.318.fa.gz,87.73181220326603
nhnw_bin.424.fa.gz,71.49350218092009
EHA05391_bin.223.fa.gz,98.48431077198275
nhnw_bin.509.fa.gz,92.1176282125266
EHA05415_bin.314.fa.gz,77.66620518662671
EHA05391_bin.303.fa.gz,70.35464900605776
nhnw_bin.332.fa.gz,69.89800335760927
EHA05391_bin.556.fa.gz,84.36633534957818
nhnw_bin.564.fa.gz,51.29843782969561
EHA05415_bin.223.fa.gz,86.01831078109119
EHA05391_bin.233.fa.gz,91.69008760316768
EHA05391_bin.133.fa.gz,93.95596575994655
EHA05391_bin.286.fa.gz,65.36451683375206
nhnw_bin.233.fa.gz,62.32948365418228
EHA05391_bin.284.fa.gz,95.7460403969809
nhnw_bin.93.fa.gz,73.78463587653653
nhnw_bin.271.fa.gz,81.3080615015972
EHA05391_bin.247.fa.gz,67.47338504760019
nhnw_bin.447.fa.gz,80.29456306539252
EHA05391_bin.525.fa.gz,76.86609948568962
nhnw_bin.138.fa.gz,68.20008264227157
EHA05391_bin.285.fa.gz,98.26332015278325
nhnw_bin.142.fa.gz,71.09826768694789
EHA05415_bin.254.fa.gz,87.84199742438291
nhnw_bin.428.fa.gz,68.11000215340417
EHA05391_bin.236.fa.gz,57.87250948614139
nhnw_bin.415.fa.gz,84.02196340209674
EHA05391_bin.295.fa.gz,93.67668936820456
nhnw_bin.359.fa.gz,86.60471370442262
EHA05391_bin.58.fa.gz,99.74101070895668
EHA05415_bin.252.fa.gz,81.5516159500809
EHA05391_bin.309.fa.gz,82.68226081355927
EHA05391_bin.298.fa.gz,85.40014879421828
EHA05415_bin.268.fa.gz,100.15774226151689
EHA05391_bin.136.fa.gz,76.96702386049779
nhnw_bin.89.fa.gz,64.77835124709132
EHA05391_bin.240.fa.gz,81.37371537498917
nhnw_bin.395.fa.gz,80.63338188656246
EHA05391_bin.351.fa.gz,80.96295154960357
nhnw_bin.118.fa.gz,80.71649684027983
EHA05415_bin.241.fa.gz,97.40204242284258
EHA05391_bin.144.fa.gz,40.38147763519995
nhnw_bin.567.fa.gz,78.53082588482113
EHA05391_bin.53.fa.gz,97.57836525771756
EHA05391_bin.110.fa.gz,73.32705717806455
EHA05415_bin.260.fa.gz,57.37445549655469
EHA05391_bin.421.fa.gz,79.9281672529984
nhnw_bin.223.fa.gz,52.2407011350382
EHA05415_bin.419.fa.gz,87.73368604141379
EHA05391_bin.423.fa.gz,99.55985161947392
nhnw_bin.5.fa.gz,50.65066316121074
nhnw_bin.437.fa.gz,40.61556871756015
EHA05391_bin.589.fa.gz,60.49730045047231
nhnw_bin.67.fa.gz,91.87581756948086
EHA05415_bin.46.fa.gz,85.88890954753663
EHA05391_bin.461.fa.gz,90.66649303259852
nhnw_bin.432.fa.gz,86.97012037624182
EHA05415_bin.361.fa.gz,87.30083811566318
EHA05391_bin.547.fa.gz,93.0761892555771
nhnw_bin.485.fa.gz,89.32581485881497
EHA05391_bin.237.fa.gz,93.85123988453222
nhnw_bin.404.fa.gz,88.80454827416098
nhnw_bin.43.fa.gz,68.97718330518047
nhnw_bin.438.fa.gz,77.8406758694964
nhnw_bin.479.fa.gz,88.48021838305289
EHA05391_bin.555.fa.gz,70.02119279505256
EHA05415_bin.407.fa.gz,90.36466365793902
nhnw_bin.334.fa.gz,92.01736879116288
EHA05415_bin.163.fa.gz,98.34868688145124
EHA05415_bin.98.fa.gz,93.33157306988979
nhnw_bin.25.fa.gz,77.97061572757482
nhnw_bin.276.fa.gz,78.68770827992024
nhnw_bin.91.fa.gz,78.33368926205709
EHA05391_bin.252.fa.gz,85.77406546351449
nhnw_bin.315.fa.gz,72.19222738723519
EHA05415_bin.415.fa.gz,94.12213264995766
EHA05415_bin.416.fa.gz,75.67692091093802
EHA05391_bin.253.fa.gz,69.32738514758046
nhnw_bin.309.fa.gz,89.93209751910392
EHA05391_bin.147.fa.gz,85.67229193801592
nhnw_bin.133.fa.gz,83.01923470915996
EHA05391_bin.146.fa.gz,71.46997094403096
nhnw_bin.495.fa.gz,80.71103037020751
EHA05391_bin.248.fa.gz,64.40752202785731
EHA05391_bin.199.fa.gz,79.19999620040728
nhnw_bin.306.fa.gz,81.9197028895612
nhnw_bin.374.fa.gz,75.60450080964348
EHA05391_bin.549.fa.gz,40.982696675139856
nhnw_bin.460.fa.gz,77.93564769676334
EHA05391_bin.363.fa.gz,98.71518514239398
nhnw_bin.297.fa.gz,76.32440989604352
EHA05391_bin.598.fa.gz,93.85593138274335
EHA05415_bin.14.fa.gz,69.95966633490404
nhnw_bin.92.fa.gz,80.64514391619767
EHA05415_bin.319.fa.gz,92.64302399571257
nhnw_bin.556.fa.gz,93.68265283307981
nhnw_bin.289.fa.gz,80.43207491477544
EHA05391_bin.379.fa.gz,71.7692254595992
nhnw_bin.281.fa.gz,86.99148276541733
nhnw_bin.421.fa.gz,90.14771403568967
nhnw_bin.570.fa.gz,92.38615746217425
EHA05391_bin.404.fa.gz,64.74775439890881
EHA05415_bin.101.fa.gz,97.02549155028491
EHA05391_bin.137.fa.gz,68.88466990388551
EHA05391_bin.268.fa.gz,87.12292176952904
EHA05391_bin.483.fa.gz,92.12799305590042
nhnw_bin.375.fa.gz,84.7097349186335
EHA05391_bin.469.fa.gz,72.21629950894277
EHA05415_bin.2.fa.gz,82.2279750258282
EHA05415_bin.433.fa.gz,66.58160644164712
nhnw_bin.232.fa.gz,51.70683248160159
nhnw_bin.548.fa.gz,81.5063825221948
EHA05391_bin.108.fa.gz,79.06201733858498
nhnw_bin.336.fa.gz,98.2487826778737
nhnw_bin.544.fa.gz,87.01193902665204
EHA05415_bin.316.fa.gz,92.05601691845631
nhnw_bin.60.fa.gz,92.17368659694112
EHA05391_bin.580.fa.gz,79.49835259183327
nhnw_bin.17.fa.gz,69.78288910641429
EHA05415_bin.453.fa.gz,73.65882056734776
EHA05391_bin.401.fa.gz,91.36290620731532
nhnw_bin.466.fa.gz,33.59018665345803
EHA05391_bin.249.fa.gz,99.09541980253289
nhnw_bin.601.fa.gz,38.75424419065451
EHA05391_bin.490.fa.gz,83.24240973359008
nhnw_bin.538.fa.gz,60.364797890512165
nhnw_bin.455.fa.gz,78.81804392089248
EHA05391_bin.448.fa.gz,74.91513348973125
nhnw_bin.252.fa.gz,76.86109447407077
EHA05415_bin.311.fa.gz,99.91653374918862
EHA05391_bin.197.fa.gz,74.88949407967183
EHA05391_bin.576.fa.gz,85.56004885230652
nhnw_bin.20.fa.gz,54.96988495736639
EHA05391_bin.87.fa.gz,74.91805081798233
nhnw_bin.218.fa.gz,92.28053077901619
EHA05391_bin.273.fa.gz,75.3814102088271
EHA05391_bin.553.fa.gz,72.99771960152573
EHA05415_bin.261.fa.gz,91.13926615365155
nhnw_bin.543.fa.gz,74.28588040200644
EHA05391_bin.558.fa.gz,81.86191419626745
nhnw_bin.54.fa.gz,90.55814685485265
EHA05415_bin.297.fa.gz,73.3276220565439
EHA05415_bin.457.fa.gz,65.89566896217221
EHA05391_bin.333.fa.gz,94.826047343834
nhnw_bin.208.fa.gz,97.88087245747455
EHA05415_bin.455.fa.gz,85.08598047652829
EHA05391_bin.484.fa.gz,57.51978859993028
nhnw_bin.382.fa.gz,70.61534437868681
EHA05415_bin.450.fa.gz,75.05625086112354
EHA05391_bin.56.fa.gz,93.73994153603684
EHA05391_bin.529.fa.gz,100.86415815508315
nhnw_bin.586.fa.gz,87.63618304124044
nhnw_bin.130.fa.gz,86.97616185917866
EHA05391_bin.164.fa.gz,82.15821902778967
EHA05415_bin.313.fa.gz,69.92730259946678
EHA05391_bin.396.fa.gz,93.3640628194938
nhnw_bin.352.fa.gz,94.61281358310494
EHA05415_bin.29.fa.gz,86.60860633589695
EHA05415_bin.264.fa.gz,101.39805168579255
nhnw_bin.23.fa.gz,84.49122894822764
EHA05415_bin.409.fa.gz,90.51412688189127
nhnw_bin.340.fa.gz,94.26507235687053
EHA05391_bin.34.fa.gz,79.66019014892424
EHA05415_bin.12.fa.gz,85.06552607970707
EHA05391_bin.381.fa.gz,74.95408238030359
EHA05391_bin.340.fa.gz,89.24448108985693
nhnw_bin.123.fa.gz,91.98675529169266
EHA05415_bin.295.fa.gz,95.96799649676723
EHA05415_bin.290.fa.gz,83.54601408266242
EHA05391_bin.405.fa.gz,60.30635628948601
nhnw_bin.433.fa.gz,93.11881471569448
EHA05391_bin.411.fa.gz,97.04751384117839
nhnw_bin.555.fa.gz,94.1500403219315
EHA05415_bin.279.fa.gz,69.11533054914216
EHA05391_bin.121.fa.gz,83.03603764478133
EHA05391_bin.224.fa.gz,92.61595288523606
nhnw_bin.51.fa.gz,82.2689600129185
EHA05415_bin.305.fa.gz,84.52282183366307
EHA05415_bin.341.fa.gz,100.70667192829336
nhnw_bin.550.fa.gz,92.67470593043554
EHA05391_bin.255.fa.gz,84.99099314054288
nhnw_bin.471.fa.gz,94.46281758393248
EHA05415_bin.76.fa.gz,70.65242599137301
nhnw_bin.355.fa.gz,81.43080135801412
EHA05415_bin.103.fa.gz,63.14092590883403
EHA05415_bin.104.fa.gz,70.39265928906175
EHA05391_bin.350.fa.gz,91.31737462440383
nhnw_bin.98.fa.gz,85.45594587162145
EHA05391_bin.130.fa.gz,75.97610896449059
EHA05415_bin.167.fa.gz,84.55488616269382
EHA05415_bin.277.fa.gz,89.35758237177147
EHA05415_bin.105.fa.gz,73.18414584481064
nhnw_bin.345.fa.gz,75.87381142406174
EHA05415_bin.169.fa.gz,84.92793996704754
EHA05391_bin.481.fa.gz,69.46185899939978
nhnw_bin.94.fa.gz,84.08977960621755
EHA05415_bin.291.fa.gz,72.52745659063754
nhnw_bin.409.fa.gz,73.70598222949734
EHA05391_bin.486.fa.gz,90.62226354318005
nhnw_bin.10.fa.gz,92.3869972331616
EHA05391_bin.170.fa.gz,82.01984943344178
EHA05391_bin.306.fa.gz,91.0631989868795
EHA05415_bin.168.fa.gz,82.06129392855226
EHA05415_bin.176.fa.gz,70.88690323266498
EHA05415_bin.140.fa.gz,80.46909108018303
EHA05391_bin.487.fa.gz,92.06556144056104
EHA05391_bin.338.fa.gz,96.51684647000427
EHA05415_bin.149.fa.gz,100.03795569985849
EHA05391_bin.211.fa.gz,73.97282831400994
nhnw_bin.37.fa.gz,75.16279618372653
nhnw_bin.108.fa.gz,82.22174323028932
EHA05415_bin.359.fa.gz,89.93477112600252
nhnw_bin.52.fa.gz,96.72990751634443
EHA05391_bin.263.fa.gz,78.49437322893648
nhnw_bin.229.fa.gz,87.65048107065027
EHA05391_bin.161.fa.gz,91.51595070023272
EHA05415_bin.284.fa.gz,75.44955716841638
EHA05391_bin.214.fa.gz,94.35292899600358
nhnw_bin.143.fa.gz,95.4988267733517
nhnw_bin.28.fa.gz,95.98038071349013
EHA05391_bin.336.fa.gz,92.2872324654525
nhnw_bin.368.fa.gz,69.62847952289539
nhnw_bin.192.fa.gz,75.89793742783624
EHA05391_bin.1.fa.gz,77.36294933072051
nhnw_bin.225.fa.gz,79.45087812884292
EHA05415_bin.281.fa.gz,83.90836541324971
EHA05415_bin.283.fa.gz,86.98304442919121
nhnw_bin.248.fa.gz,66.21389833363465
EHA05391_bin.389.fa.gz,91.92779219724751
nhnw_bin.295.fa.gz,95.74629827407385
EHA05391_bin.455.fa.gz,78.95146856103543
nhnw_bin.522.fa.gz,95.27940265509031
EHA05415_bin.345.fa.gz,88.15924553203139
EHA05391_bin.280.fa.gz,69.81850838354623
EHA05391_bin.572.fa.gz,78.00610488938933
nhnw_bin.413.fa.gz,93.18147696661902
EHA05391_bin.569.fa.gz,89.49667022632434
EHA05415_bin.71.fa.gz,85.02364260898081
EHA05391_bin.512.fa.gz,95.50091604137715
EHA05415_bin.439.fa.gz,40.18285145701872
EHA05391_bin.169.fa.gz,80.4780800424128
nhnw_bin.439.fa.gz,71.62732510796714
EHA05415_bin.446.fa.gz,74.54017010555526
nhnw_bin.97.fa.gz,67.66022440326121
EHA05415_bin.237.fa.gz,92.59959587406532
EHA05415_bin.26.fa.gz,57.67345926297414
nhnw_bin.272.fa.gz,53.241617064357406
EHA05391_bin.124.fa.gz,97.92227245670085
EHA05391_bin.400.fa.gz,86.00374474612933
EHA05391_bin.162.fa.gz,77.20739273390977
EHA05391_bin.264.fa.gz,75.91402354679965
nhnw_bin.18.fa.gz,86.92445798922691
EHA05415_bin.11.fa.gz,97.87266033592671
EHA05391_bin.304.fa.gz,55.99015497289746
EHA05415_bin.10.fa.gz,87.04851945509569
EHA05415_bin.129.fa.gz,72.76582280125581
nhnw_bin.547.fa.gz,90.16628801983045
EHA05391_bin.476.fa.gz,94.65396733931763
EHA05415_bin.128.fa.gz,87.62974446605807
EHA05391_bin.68.fa.gz,53.300959926575096
nhnw_bin.265.fa.gz,93.13155577197672
EHA05415_bin.355.fa.gz,62.467225359477304
EHA05391_bin.390.fa.gz,45.69783180698044
EHA05415_bin.356.fa.gz,99.45290563599059
EHA05391_bin.47.fa.gz,97.0734461600768
nhnw_bin.516.fa.gz,94.94930313742233
EHA05415_bin.16.fa.gz,81.11053393479243
EHA05415_bin.298.fa.gz,65.8751507641425
nhnw_bin.521.fa.gz,91.39050361289475
EHA05415_bin.299.fa.gz,69.02457012272653
nhnw_bin.80.fa.gz,78.84707593889111
nhnw_bin.113.fa.gz,82.67955168974247
nhnw_bin.578.fa.gz,88.74732353472592
EHA05391_bin.445.fa.gz,81.66259291066305
nhnw_bin.19.fa.gz,81.90178927582511
EHA05415_bin.177.fa.gz,96.1689549056312
EHA05391_bin.590.fa.gz,89.71834576328143
EHA05415_bin.226.fa.gz,78.52194088065043
EHA05391_bin.44.fa.gz,54.97069981405769
EHA05391_bin.43.fa.gz,72.04031735131379
EHA05391_bin.380.fa.gz,83.43907079601577
nhnw_bin.126.fa.gz,94.92443760207031
EHA05415_bin.44.fa.gz,82.59816941012487
EHA05391_bin.664.fa.gz,54.648257259348874
EHA05391_bin.196.fa.gz,73.28625601994452
nhnw_bin.139.fa.gz,99.65202476532544
EHA05415_bin.221.fa.gz,76.35835725606924
EHA05415_bin.162.fa.gz,93.86932442038919
nhnw_bin.145.fa.gz,98.67304979928454
EHA05391_bin.282.fa.gz,66.80594800346906
nhnw_bin.553.fa.gz,98.55294905063539
EHA05415_bin.3.fa.gz,98.79065854395036
nhnw_bin.33.fa.gz,94.38450346480103
EHA05391_bin.131.fa.gz,82.01662281339257
EHA05391_bin.283.fa.gz,88.04531039894363
EHA05391_bin.213.fa.gz,89.12857489735848
nhnw_bin.445.fa.gz,95.07376916525642
EHA05415_bin.414.fa.gz,94.50029994463388
nhnw_bin.243.fa.gz,90.89554474731258
EHA05391_bin.18.fa.gz,40.93665631997743
EHA05391_bin.102.fa.gz,76.08294933072051
EHA05415_bin.117.fa.gz,86.45651968562548
nhnw_bin.162.fa.gz,95.98654675369121
EHA05415_bin.244.fa.gz,95.5296828688396
nhnw_bin.342.fa.gz,94.06346819084091
EHA05415_bin.94.fa.gz,76.38120418364743
nhnw_bin.135.fa.gz,92.41843958763995
EHA05391_bin.194.fa.gz,97.04401814172711
nhnw_bin.302.fa.gz,89.87566503860668
nhnw_bin.157.fa.gz,71.25214018802353
EHA05391_bin.266.fa.gz,71.35205184895563
nhnw_bin.70.fa.gz,87.45152470580831
EHA05391_bin.293.fa.gz,92.90057865894029
EHA05415_bin.95.fa.gz,91.35118212473155
nhnw_bin.105.fa.gz,69.47307549079814
nhnw_bin.443.fa.gz,90.6453138558553
EHA05415_bin.93.fa.gz,97.77473567605126
nhnw_bin.32.fa.gz,58.667804009258944
EHA05415_bin.274.fa.gz,78.10192500192339
nhnw_bin.394.fa.gz,72.19081236726701
EHA05391_bin.441.fa.gz,81.8764656980647
nhnw_bin.178.fa.gz,83.17886985896003
EHA05391_bin.195.fa.gz,80.5625217869653
nhnw_bin.3.fa.gz,84.8500579375948
EHA05391_bin.440.fa.gz,98.96961373932741
EHA05391_bin.501.fa.gz,98.16420308860829
nhnw_bin.354.fa.gz,89.44781838315296
EHA05415_bin.265.fa.gz,91.12754510769604
EHA05391_bin.88.fa.gz,97.65911294680697
EHA05415_bin.238.fa.gz,86.94547347433648
nhnw_bin.210.fa.gz,86.86506800199834
EHA05415_bin.66.fa.gz,63.04341933622573
nhnw_bin.22.fa.gz,95.03395698677868
EHA05391_bin.570.fa.gz,77.38036246891298
nhnw_bin.321.fa.gz,93.49395816632081
EHA05391_bin.212.fa.gz,97.59421820720844
nhnw_bin.11.fa.gz,92.48749553350076
nhnw_bin.141.fa.gz,81.52975132854371
nhnw_bin.412.fa.gz,69.9719684933493
nhnw_bin.500.fa.gz,26.615418882496343
nhnw_bin.73.fa.gz,56.67853011418681
nhnw_bin.150.fa.gz,67.40102743407813
nhnw_bin.602.fa.gz,58.491052400446435
EHA05415_bin.242.fa.gz,86.09212497562048
nhnw_bin.474.fa.gz,72.65564478653228
nhnw_bin.322.fa.gz,82.72924204764152
nhnw_bin.545.fa.gz,66.54641809056712
EHA05391_bin.45.fa.gz,98.79575147638526
nhnw_bin.554.fa.gz,83.24689997273954
nhnw_bin.397.fa.gz,79.2801259624499
nhnw_bin.372.fa.gz,78.72018418992876
EHA05391_bin.323.fa.gz,53.93918078302757
EHA05391_bin.577.fa.gz,94.78603546363203
nhnw_bin.212.fa.gz,81.75991353156034
EHA05391_bin.578.fa.gz,79.6093541188225
EHA05391_bin.159.fa.gz,82.27618807762629
nhnw_bin.539.fa.gz,90.56637554125506
EHA05415_bin.243.fa.gz,97.94980230604632
EHA05415_bin.289.fa.gz,74.54404469023305
EHA05391_bin.431.fa.gz,65.10261171242907
nhnw_bin.360.fa.gz,81.29617175537166
EHA05415_bin.236.fa.gz,77.43888713355221
